{
	"credit": "Made with Blockbench",
	"texture_size": [48, 48],
	"textures": {
		"0": "item/lance",
		"particle": "item/lance"
	},
	"elements": [
		{
			"from": [-16, 0, 7],
			"to": [-6, 2, 9],
			"rotation": {"angle": 0, "axis": "y", "origin": [8, 1, 8]},
			"faces": {
				"north": {"uv": [0, 5.33333, 3.33333, 6], "texture": "#0"},
				"east": {"uv": [3.66667, 6, 4.33333, 6.66667], "texture": "#0"},
				"south": {"uv": [5.33333, 2.66667, 8.66667, 3.33333], "texture": "#0"},
				"west": {"uv": [4.33333, 6, 5, 6.66667], "texture": "#0"},
				"up": {"uv": [6.66667, 6, 3.33333, 5.33333], "texture": "#0"},
				"down": {"uv": [8.66667, 3.33333, 5.33333, 4], "texture": "#0"}
			}
		},
		{
			"from": [-6, -0.5, 6.5],
			"to": [-4, 2.5, 9.5],
			"rotation": {"angle": 0, "axis": "y", "origin": [8, 1, 8]},
			"faces": {
				"north": {"uv": [1, 6, 1.66667, 7], "texture": "#0"},
				"east": {"uv": [5.33333, 4, 6.33333, 5], "texture": "#0"},
				"south": {"uv": [1.66667, 6, 2.33333, 7], "texture": "#0"},
				"west": {"uv": [0, 6, 1, 7], "texture": "#0"},
				"up": {"uv": [3, 7, 2.33333, 6], "texture": "#0"},
				"down": {"uv": [3.66667, 6, 3, 7], "texture": "#0"}
			}
		},
		{
			"from": [-4, 0, 7],
			"to": [30, 2, 9],
			"rotation": {"angle": 0, "axis": "y", "origin": [8, 1, 8]},
			"faces": {
				"north": {"uv": [0, 0, 11.33333, 0.66667], "texture": "#0"},
				"east": {"uv": [5, 6, 5.66667, 6.66667], "texture": "#0"},
				"south": {"uv": [0, 0.66667, 11.33333, 1.33333], "texture": "#0"},
				"west": {"uv": [5.66667, 6, 6.33333, 6.66667], "texture": "#0"},
				"up": {"uv": [11.33333, 2, 0, 1.33333], "texture": "#0"},
				"down": {"uv": [11.33333, 2, 0, 2.66667], "texture": "#0"}
			}
		},
		{
			"from": [30, 0.5, 7.5],
			"to": [32, 1.5, 8.5],
			"rotation": {"angle": 0, "axis": "y", "origin": [8, 1, 8]},
			"faces": {
				"north": {"uv": [5.33333, 5, 6, 5.33333], "texture": "#0"},
				"east": {"uv": [6.33333, 4.66667, 6.66667, 5], "texture": "#0"},
				"south": {"uv": [6, 5, 6.66667, 5.33333], "texture": "#0"},
				"west": {"uv": [6.33333, 6, 6.66667, 6.33333], "texture": "#0"},
				"up": {"uv": [7, 4.33333, 6.33333, 4], "texture": "#0"},
				"down": {"uv": [7, 4.33333, 6.33333, 4.66667], "texture": "#0"}
			}
		},
		{
			"from": [-6.001, -3.001, 3.999],
			"to": [-5.999, 5.001, 12.001],
			"rotation": {"angle": 0, "axis": "y", "origin": [8, 1, 8]},
			"faces": {
				"north": {"uv": [0, 0, 0, 2.66667], "texture": "#0"},
				"east": {"uv": [0, 2.66667, 2.66667, 5.33333], "texture": "#0"},
				"south": {"uv": [0, 0, 0, 2.66667], "texture": "#0"},
				"west": {"uv": [2.66667, 2.66667, 5.33333, 5.33333], "texture": "#0"},
				"up": {"uv": [0, 2.66667, 0, 0], "texture": "#0"},
				"down": {"uv": [0, 0, 0, 2.66667], "texture": "#0"}
			}
		}
	],
	"display": {
		"thirdperson_righthand": {
			"rotation": [10, 90, 55],
			"translation": [0, 17, 1]
		},
		"thirdperson_lefthand": {
			"rotation": [10, -90, -55],
			"translation": [0, 17, 1]
		},
		"firstperson_righthand": {
			"rotation": [15, 80, 0],
			"translation": [4, 8.5, -13]
		},
		"firstperson_lefthand": {
			"rotation": [15, -100, 0],
			"translation": [4, 8.5, -13]
		},
		"ground": {
			"translation": [0, 6, 0],
			"scale": [0.5, 0.5, 0.5]
		},
		"gui": {
			"rotation": [45, -180, 45],
			"translation": [2.5, 2, 0],
			"scale": [0.55, 0.55, 0.55]
		},
		"fixed": {
			"rotation": [0, 0, 45],
			"translation": [-5, 5, -1]
		}
	}
}